Workbook

Sheet 1. Overview
A1: OJT — KẾ HOẠCH HOÀN THÀNH SẢN PHẨM (Release 1)
A2: Nguồn: Roadmap OJT 45 ngày (bản gốc, thiết kế cho 1 thực tập sinh) · Đội: 5 thực tập sinh OrangeDev · Leader: Nguyễn Minh Phúc · Ngày lập: 27/09/2026
A4: A. TÍNH TOÁN NĂNG LỰC — VÌ SAO 10 TUẦN LÀ VỪA SỨC
A5: Chỉ số | B5: Giá trị | C5: Đơn vị | D5: Cách tính / Ghi chú
A6: Tổng phạm vi Backlog | B6: ='2. Backlog'!F65 -> 151 | C6: dev-day | D6: Sheet "2. Backlog" — tổng cột Estimate của 47 feature (E00–E10)
A7: Số thành viên | B7: 5 | C7: người | D7: 3 Backend (Phúc, Thành, Đạt) + 2 Frontend (Quân, Văn)
A8: Năng lực hiệu quả / người / sprint | B8: 5 | C8: dev-day | D8: 10 ngày làm việc x 50% hiệu suất thực tế — thấp hơn mức 80% của dev chuyên nghiệp vì vừa học công nghệ mới vừa làm sản phẩm
A9: Số Sprint | B9: 5 | C9: sprint | D9: 10 tuần = 5 sprint x 2 tuần, bắt đầu 28/09/2026
A10: Tổng năng lực đội (BE + FE) | B10: ='4. Sprint Plan'!K10 -> 125 | C10: dev-day | D10: Sheet "4. Sprint Plan" — tổng cột "Tổng cap" của 5 sprint
A11: Buffer / dự phòng | B11: =(B10-B6)/B10 -> -0.208 | C11: % | D11: Phần năng lực còn lại dùng cho học tập, sửa lỗi phát sinh, họp và mentor 1-1
A13: KẾT LUẬN: Với đội 5 người (3 BE + 2 FE) làm việc trong 10 tuần (5 sprint), năng lực lý thuyết đủ để hoàn thành toàn bộ 47 feature Must/Should trong backlog, còn dư khoảng 10% năng lực làm buffer. Track Backend (94,7% sử dụng) là track chịu tải nặng nhất — nếu học kiến thức mới chậm hơn dự kiến, nên cắt các mục Should trước (F01.6, F03.4, F05.5, F07.4, F09.5) thay vì cắt mục Must.
A15: B. GIẢ ĐỊNH CHÍNH (nếu sai, kế hoạch cần điều chỉnh)
A16: • Cả 3 Backend cùng học Spring Boot lần đầu ở mức cơ bản; nếu ai đã có nền tảng sẵn, có thể lấy thêm việc từ track FE (ví dụ hỗ trợ viết test) để cân tải.
A17: • Frontend không tự thiết kế UI từ đầu: dùng Tailwind CSS + bộ màu/typography đơn giản (F02.1), tập trung thời gian cho logic gọi API và trải nghiệm.
A18: • Đấu giá (Auction) dùng polling 3 giây thay vì WebSocket để giảm độ phức tạp kỹ thuật trong 10 tuần; WebSocket là hạng mục Deferred (D02).
A19: • Thanh toán trong Release 1 là COD (thanh toán khi nhận hàng) — KHÔNG tích hợp cổng thanh toán thật (Deferred D01).
A20: • Mỗi Sprint dài đúng 2 tuần (10 ngày làm việc); không có tuần nghỉ lễ nào rơi vào giai đoạn 28/09/2026 – 04/12/2026.
A21: • 1 dev-day là 1 ngày công hiệu quả (đã trừ thời gian học, họp, mentor) — không phải 1 ngày lịch.
A22: • Leader (Phúc) vừa code (track BE) vừa điều phối tiến độ chung; nếu khối lượng điều phối tăng, cần giảm bớt phần code được giao cho Phúc.

Sheet 2. Backlog
A1: Feature ID | B1: Epic | C1: Epic Name | D1: Feature Name | E1: Priority | F1: Estimate (dev-day) | G1: Track | H1: Sprint | I1: Owner | J1: Dependencies | K1: Definition of Done
A2: F00.1 | B2: E00 | C2: Nền tảng & Chuẩn bị | D2: Đọc SRS/scope và thống nhất MVP | E2: Must | F2: 3 | G2: ALL | H2: 0 | I2: Nguyễn Minh Phúc | J2: - | K2: Cả 5 thành viên hiểu các actor Buyer, Seller, Administrator; thống nhất luồng mua hàng trực tiếp và đấu giá; xác định rõ danh sách chức năng trong và ngoài phạm vi MVP; lưu lại phạm vi đã thống nhất để làm căn cứ triển khai.
A3: F00.2 | B3: E00 | C3: Nền tảng & Chuẩn bị | D3: Liệt kê Entiy đối chiếu SRS đã thông nhất | E3: Must | F3: 1 | G3: BE | H3: S0 | I3: Nguyễn Duy Thành | J3: F00.1 | K3: Hoàn thành danh sách Entity và các thuộc tính chính; xác định PK, FK dự kiến và quan hệ giữa các Entity; đối chiếu với SRS và ghi nhận các điểm chưa rõ để nhóm xác nhận trước khi hoàn thiện ERD.
A4: F00.3 | B4: E00 | C4: Nền tảng & Chuẩn bị | D4: Vẽ sơ đồ ERD (Database) | E4: Must | F4: 2 | G4: ALL | H4: 0 | I4: Ngô Thanh Quân | J4: F00.2, F00.1 | K4: Hoàn thành ERD thể hiện Entity, thuộc tính, PK, FK, quan hệ và cardinality; hoàn thành sơ đồ kiến trúc tổng quan thể hiện các module nghiệp vụ, trách nhiệm và cách giao tiếp; đối chiếu thiết kế với SRS và phạm vi MVP; các thành viên liên quan review và thống nhất.
A5: F00.4 | B5: E00 | C5: Nền tảng & Chuẩn bị | D5: Chia module và phân công trách nhiệm BE/FE | E5: Must | F5: 1 | G5: ALL | H5: 0 | I5: Nguyễn Minh Phúc | J5: F00.3, F00.1 | K5: Có bảng phân công cho cả 5 thành viên; xác định Owner, trách nhiệm BE/FE, module phụ trách và phạm vi công việc; thống nhất cách phối hợp, bàn giao và tích hợp giữa các thành viên.
A6: F00.5 | B6: E00 | C6: Nền tảng & Chuẩn bị | D6: Khởi tạo GitLab Repository và thống nhất quy trình làm việc nhóm | E6: Must | F6: 1 | G6: ALL | H6: 0 | I6: Phạm Gia Văn | J6: F00.4 | K6: Tạo repository GitLab; thống nhất quy tắc đặt tên branch, commit và Merge Request; cấu hình quyền truy cập cần thiết; có README hướng dẫn quy trình làm việc; thực hiện thành công ít nhất một Merge Request mẫu được review và merge.
A7: F00.6 | B7: E00 | C7: Nền tảng & Chuẩn bị | D7: Cài đặt môi trường Backend: JDK 22, IntelliJ IDEA, Maven, Git và DBeaver | E7: Must | F7: 1 | G7: BE | H7: 0 | I7: Nguyễn Minh Phúc Nguyễn Duy Thành Trần Quốc Đạt | K7: Các thành viên BE cài đặt cùng phiên bản JDK đã thống nhất, IntelliJ IDEA, Maven, Git và DBeaver; cấu hình JAVA_HOME và PATH khi cần; tạo và chạy thành công project Java mẫu; xác nhận kết nối cơ sở dữ liệu thử nghiệm nếu đã có thông tin kết nối; ghi lại hướng dẫn cài đặt và xử lý lỗi thường gặp.
A8: F00.7 | B8: E00 | C8: Nền tảng & Chuẩn bị | D8: Cài đặt môi trường Frontend: Node.js, Visual Studio Code, React, Vite và TypeScript | E8: Must | F8: 1 | G8: FE | H8: S0 | I8: Ngô Thanh Quân Phạm Gia Văn | K8: Các thành viên FE cài đặt cùng phiên bản Node.js đã thống nhất và Visual Studio Code; khởi tạo thành công project React bằng Vite với TypeScript; chạy được ứng dụng trên local; cài đặt dependencies thành công; cấu hình Git và có hướng dẫn để thành viên khác chạy lại project.
A9: F00.8 | B9: E00 | C9: Nền tảng & Chuẩn bị | D9: Vẽ sơ đồ Screen Flow cho các chức năng chính | E9: Must | F9: 5 | G9: FE | H9: S0 | I9: Phạm Gia Văn | J9: F00.1 | K9: Hoàn thành sơ đồ điều hướng màn hình cho Buyer, Seller và Administrator; thể hiện các màn hình và luồng chính gồm đăng nhập, mua hàng trực tiếp và đấu giá; xác định điểm bắt đầu, điều kiện chuyển màn hình và điểm kết thúc; các thành viên FE review để làm căn cứ xây dựng giao diện.
A10: F00.9 | B10: E00 | C10: Nền tảng & Chuẩn bị | D10: Vẽ sơ đồ Swimlane cho quy trình nghiệp vụ chính | E10: Must | F10: 3 | G10: ALL | H10: S0 | I10: Trần Quốc Đạt | J10: F00.1 | K10: Hoàn thành sơ đồ Swimlane cho luồng mua hàng trực tiếp và luồng đấu giá; thể hiện trách nhiệm của các actor/hệ thống, thứ tự hoạt động, điều kiện rẽ nhánh và kết quả cuối cùng; các thành viên BE và FE review để thống nhất cách hệ thống vận hành.
A11: F00.10 | B11: E00 | C11: Nền tảng & Chuẩn bị | D11: Vẽ sơ đồ Context Diagram | E11: Should | F11: 3 | G11: ALL | H11: S0 | I11: Nguyễn Duy Thành | J11: F00.1 | K11: Hoàn thành Context Diagram thể hiện ranh giới hệ thống Project Nexus, các actor chính, hệ thống bên ngoài nếu có và các tương tác chính với hệ thống; bảo đảm sơ đồ thống nhất với scope và kiến trúc đã thống nhất.
A12: F00.11 | B12: E00 | C12: Nền tảng & Chuẩn bị | D12: Tổ chức ôn tạp Java Core, Các câu lệnh SQL server, các khái niệm liên quan đến MicroService và các biến dành cho nghiệp vụ Backend | E12: Should | F12: 3 | G12: BE | H12: S0 | I12: Nguyễn Minh Phúc Nguyễn Duy Thành Trần Quốc Đạt | J12: F00.1 | K12: Tổng hợp tài liệu và kiến thức trọng tâm phục vụ S1; các thành viên ôn tập OOP, Collections, xử lý ngoại lệ, SQL cơ bản, CRUD, REST API, DTO, validation và kiến thức Spring Boot cần thiết; có tài liệu dùng chung và chạy được ví dụ Backend đơn giản.
A13: F00.12 | B13: E00 | C13: Nền tảng & Chuẩn bị | D13: Tổ chức ôn tập React/ Taiwind, các khái niệm liên quan đến nghiệp vụ và REST API | E13: Should | F13: 3 | G13: FE | H13: S0 | I13: Ngô Thanh Quân Phạm Gia Văn | J13: F00.1 | K13: Tổng hợp tài liệu và kiến thức trọng tâm phục vụ S1; các thành viên ôn tập component, props, state, xử lý sự kiện, cấu trúc React, Tailwind CSS và cách gọi REST API; có tài liệu dùng chung và chạy được ví dụ giao diện React gọi thử API.
A15: F01.1 | B15: E03 | C15: System Foundation & Environment Setup | D15: Khởi tạo dự án Spring Boot bằng Maven và kết nối PostgreSQL trên Supabase | E15: Must | F15: 1 | G15: BE | H15: 1 | I15: Nguyễn Minh Phúc Nguyễn Duy Thành Trần Quốc Đạt | J15: F00.3, F00.6 | K15: Project chạy thành công; GET /api/hello trả về JSON đúng định dạng; ứng dụng kết nối được PostgreSQL theo cấu hình môi trường; không hardcode thông tin đăng nhập database vào source code.
A16: F01.2 | B16: E04 | C16: Database Design & Initialization | D16: Dựng khung database trên cơ sở subapase theo cấu trúc lệnh DDL | E16: Must | F16: 1 | G16: BE | H16: 1 | I16: Nguyễn Minh Phúc | J16: F00.2, F00.3, F01.1 | K16: Chạy DDL thành công trên database phát triển; các bảng, PK, FK và ràng buộc được tạo đúng thiết kế đã duyệt; có thể kiểm tra cấu trúc bằng DBeaver hoặc công cụ tương đương.
A17: F01.3 | B17: E04 | C17: Database Design & Initialization | D17: Tạo database mẫu trên subapase theo cấu trúc DML | E17: Must | F17: 1 | G17: BE | H17: S1 | I17: Nguyễn Minh Phúc | J17: F01.2 | K17: Chạy DML thành công; có dữ liệu mẫu cần thiết để kiểm thử các chức năng đầu tiên; dữ liệu thỏa mãn PK/FK và các ràng buộc; có hướng dẫn chạy lại dữ liệu mẫu.
A18: F01.4 | B18: E03 | C18: System Foundation & Environment Setup | D18: Khởi tạo dự án React bằng Vite, TypeScript và cấu hình Tailwind CSS | E18: Must | F18: 1 | G18: FE | H18: 1 | I18: Ngô Thanh Quân Phạm Gia Văn | J18: F00.5, F00.7 | K18: Hoàn thành các màn hình thuộc phạm vi MVP của Seller: xem/quản lý sản phẩm của mình, tạo và chỉnh sửa sản phẩm, cùng các màn hình liên quan đến đấu giá; có điều hướng giữa các màn hình và được team review.
A19: F01.5 | B19: E02 | C19: Frontend Design & Role UI | D19: Hoàn thiện thiết kế giao diện trên Figma role seller đủ các chức năng bán hàng + đấu giá + thêm xóa sửa sản phẩm | E19: Must | F19: 3 | G19: FE | H19: 1 | I19: Phạm Gia Văn | J19: F00.8, F00.1 | K19: Hoàn thành các màn hình thuộc phạm vi MVP của Seller: xem/quản lý sản phẩm của mình, tạo và chỉnh sửa sản phẩm, cùng các màn hình liên quan đến đấu giá; có điều hướng giữa các màn hình và được team review.
A20: F01.6 | B20: E02 | C20: Frontend Design & Role UI | D20: Hoàn thiện thiết kế giao diện trên Figma role buyer đủ các chức năng, hoàn thành đấu giá, mua hàng hủy hàng | E20: Must | F20: 3 | G20: FE | H20: 1 | I20: Phạm Gia Văn | J20: F00.8, F00.1 | K20: Hoàn thành các màn hình thuộc phạm vi MVP của Buyer, gồm danh sách/chi tiết sản phẩm, giỏ hàng, checkout và các màn hình đấu giá; thể hiện các trạng thái chính và luồng điều hướng; được team review.
A21: F01.7 | B21: E02 | C21: Frontend Design & Role UI | D21: Hoàn thiện thiết kế giao diện trên Figma role admin đủ các chức năng | E21: Must | F21: 3 | G21: FE | H21: 1 | I21: Phạm Gia Văn | J21: F00.8, F00.1 | K21: Hoàn thành các màn hình quản trị thuộc phạm vi MVP đã thống nhất; xác định chức năng quản trị cần có, điều hướng và trạng thái chính; không bổ sung chức năng ngoài scope; được team review.
A22: F01.8 | B22: E01 | C22: Frontend Auth & Design System | D22: thiết kế màn hình đăng nhập, đăng kí theo từng role | E22: Must | F22: 2 | G22: BE | H22: 1 | I22: Phạm Gia Văn | J22: F00.1, F00.8 | K22: Không có mật khẩu dạng plaintext trong Database
A23: F01.9 | B23: E01 | C23: Authentication & User Management | D23: Xây dựng API đăng ký tài khoản POST /api/auth/register | E23: Must | F23: 3 | G23: BE | H23: 1 | I23: Trần Quốc Đạt | J23: F01.1, F01.2 | K23: API kiểm tra dữ liệu đầu vào, định dạng email và email trùng; mật khẩu được hash trước khi lưu; đăng ký hợp lệ tạo được User; email trùng trả lỗi rõ ràng; response không chứa password hoặc password hash; kiểm thử bằng Postman.
A24: F01.9 | B24: E01 | C24: Authentication & User Management | D24: Xây dựng API đăng nhập và phát hành JWT POST /api/auth/login | E24: Must | F24: 2 | G24: BE | H24: 1 | I24: Nguyễn Duy Thành | J24: F01.1, F01.2 | K24: Đăng nhập hợp lệ trả JWT; thông tin đăng nhập sai bị từ chối; token có thời hạn; secret được cấu hình qua biến môi trường; response không trả password hash; kiểm thử được cả trường hợp thành công và thất bại bằng Postman.
A25: F01.10 | B25: E01 | C25: Authentication & User Management | D25: Cấu hình JWT Filter và bảo vệ API bằng Spring Security | E25: Must | F25: 4 | G25: BE | H25: 1 | I25: Trần Quốc Đạt | J25: F01.9 | K25: Request không có token hoặc có token không hợp lệ bị từ chối tại endpoint được bảo vệ; token hợp lệ xác định được người dùng hiện tại; lỗi xác thực trả HTTP 401; có kiểm thử endpoint công khai và endpoint yêu cầu đăng nhập.
A26: F01.11 | B26: E01 | C26: Authentication & User Management | D26: Tích hợp giao diện đăng ký, đăng nhập với Authentication API | E26: Must | F26: 4 | G26: FE | H26: 1 | I26: Ngô Thanh Quân | J26: F01.4, F01.8, F01.9, F01.10 | K26: Giao diện gửi request đúng hợp đồng API; hiển thị kết quả đăng ký/đăng nhập và thông báo lỗi; kiểm thử được luồng đăng ký và đăng nhập thành công; cách xử lý token được team thống nhất và áp dụng nhất quán.
A27: F01.12 | B27: E01 | C27: Authentication & User Management | D27: Kiểm thử Authentication và bàn giao hướng dẫn tích hợp | E27: Must | F27: 3 | G27: BE | H27: 1 | I27: Nguyễn Minh Phúc | J27: F01.9, F01.10, F01.11, F01.12 | K27: Có Postman collection cho đăng ký, đăng nhập và API yêu cầu xác thực; kiểm thử các trường hợp hợp lệ, email trùng, mật khẩu sai, thiếu token và token không hợp lệ; ghi nhận lỗi còn tồn tại; cập nhật README về cách cấu hình và chạy project.
A29: F01.5 | B29: E01 | C29: Authentication & User Management | D29: Phân quyền API theo Role (@PreAuthorize) cho từng nhóm endpoint | E29: Must | F29: 2 | G29: BE | H29: 2 | I29: Đạt | J29: F01.4 | K29: Tài khoản Buyer gọi API dành cho Admin bị chặn 403
A30: F01.6 | B30: E01 | C30: Authentication & User Management | D30: API đổi mật khẩu + quên mật khẩu (gửi link qua email giả lập) | E30: Should | F30: 2 | G30: BE | H30: 2 | I30: Thành | J30: F01.4 | K30: Đổi mật khẩu với mật khẩu cũ sai bị từ chối
... A64: F10.3 | B64: E10 | C64: Tài liệu & Demo | D64: Chuẩn bị Slide thuyết trình + kịch bản Demo trước Giảng viên/Công ty | E64: Must | F64: 2 | G64: FE | H64: 5 | I64: Quân, Văn | J64: F10.2 | K64: Demo chạy mượt trong tối đa 10 phút, không phát sinh lỗi
D65: TỔNG PHẠM VI (10 TUẦN) | F65: =SUM(F2:F64) -> 151

Sheet 3. Epic Summary
A1: TỔNG HỢP THEO EPIC
A3: Epic | B3: Epic Name | C3: Track | D3: Số Feature | E3: Estimate (dev-day) | F3: % tổng phạm vi | G3: Sprint bắt đầu | H3: Sprint kết thúc
A4: E00 | B4: Nền tảng & Chuẩn bị | C4: ALL | D4: =COUNTIF('2. Backlog'!$B$2:$B$64,A4) -> 12 | E4: =SUMIF('2. Backlog'!$B$2:$B$64,A4,'2. Backlog'!$F$2:$F$64) -> 27 | F4: =E4/E$17 -> 0.17880795 | G4: ="S"&_xlfn.MINIFS('2. Backlog'!$H$2:$H$64,'2. Backlog'!$B$2:$B$64,A4) -> S0 | H4: ="S"&_xlfn.MAXIFS('2. Backlog'!$H$2:$H$64,'2. Backlog'!$B$2:$B$64,A4) -> S0
A5: E01 | B5: Authentication & User Management | C5: BE | D5: =COUNTIF('2. Backlog'!$B$2:$B$64,A5) -> 8 | E5: =SUMIF('2. Backlog'!$B$2:$B$64,A5,'2. Backlog'!$F$2:$F$64) -> 22 | F5: =E5/E$17 -> 0.14569536 | G5: ="S"&_xlfn.MINIFS('2. Backlog'!$H$2:$H$64,'2. Backlog'!$B$2:$B$64,A5) -> S1 | H5: ="S"&_xlfn.MAXIFS('2. Backlog'!$H$2:$H$64,'2. Backlog'!$B$2:$B$64,A5) -> S2
A6: E02 | B6: Frontend Design & Role UI | C6: FE | D6: =COUNTIF('2. Backlog'!$B$2:$B$64,A6) -> 6 | E6: =SUMIF('2. Backlog'!$B$2:$B$64,A6,'2. Backlog'!$F$2:$F$64) -> 17 | F6: =E6/E$17 -> 0.11258278 | G6: ="S"&_xlfn.MINIFS('2. Backlog'!$H$2:$H$64,'2. Backlog'!$B$2:$B$64,A6) -> S1 | H6: ="S"&_xlfn.MAXIFS('2. Backlog'!$H$2:$H$64,'2. Backlog'!$B$2:$B$64,A6) -> S2
A7: E03 | B7: System Foundation & Environment Setup | C7: FE | D7: =COUNTIF('2. Backlog'!$B$2:$B$64,A7) -> 6 | E7: =SUMIF('2. Backlog'!$B$2:$B$64,A7,'2. Backlog'!$F$2:$F$64) -> 14 | F7: =E7/E$17 -> 0.092715232 | G7: ="S"&_xlfn.MINIFS('2. Backlog'!$H$2:$H$64,'2. Backlog'!$B$2:$B$64,A7) -> S1 | H7: ="S"&_xlfn.MAXIFS('2. Backlog'!$H$2:$H$64,'2. Backlog'!$B$2:$B$64,A7) -> S3
A8: E04 | B8: Database Design & Initialization | C8: FE | D8: =COUNTIF('2. Backlog'!$B$2:$B$64,A8) -> 6 | E8: =SUMIF('2. Backlog'!$B$2:$B$64,A8,'2. Backlog'!$F$2:$F$64) -> 12 | F8: =E8/E$17 -> 0.079470199 | G8: ="S"&_xlfn.MINIFS('2. Backlog'!$H$2:$H$64,'2. Backlog'!$B$2:$B$64,A8) -> S1 | H8: ="S"&_xlfn.MAXIFS('2. Backlog'!$H$2:$H$64,'2. Backlog'!$B$2:$B$64,A8) -> S3
A9: E05 | B9: Catalog Service (Backend) | C9: BE | D9: =COUNTIF('2. Backlog'!$B$2:$B$64,A9) -> 5 | E9: =SUMIF('2. Backlog'!$B$2:$B$64,A9,'2. Backlog'!$F$2:$F$64) -> 14 | F9: =E9/E$17 -> 0.092715232 | G9: ="S"&_xlfn.MINIFS('2. Backlog'!$H$2:$H$64,'2. Backlog'!$B$2:$B$64,A9) -> S3 | H9: ="S"&_xlfn.MAXIFS('2. Backlog'!$H$2:$H$64,'2. Backlog'!$B$2:$B$64,A9) -> S4
A10: E06 | B10: Frontend Catalog | C10: FE | D10: =COUNTIF('2. Backlog'!$B$2:$B$64,A10) -> 3 | E10: =SUMIF('2. Backlog'!$B$2:$B$64,A10,'2. Backlog'!$F$2:$F$64) -> 8 | F10: =E10/E$17 -> 0.052980132 | G10: ="S"&_xlfn.MINIFS('2. Backlog'!$H$2:$H$64,'2. Backlog'!$B$2:$B$64,A10) -> S4 | H10: ="S"&_xlfn.MAXIFS('2. Backlog'!$H$2:$H$64,'2. Backlog'!$B$2:$B$64,A10) -> S4
A11: E07 | B11: Commerce - Cart & Order (Backend) | C11: BE | D11: =COUNTIF('2. Backlog'!$B$2:$B$64,A11) -> 4 | E11: =SUMIF('2. Backlog'!$B$2:$B$64,A11,'2. Backlog'!$F$2:$F$64) -> 13 | F11: =E11/E$17 -> 0.086092715 | G11: ="S"&_xlfn.MINIFS('2. Backlog'!$H$2:$H$64,'2. Backlog'!$B$2:$B$64,A11) -> S4 | H11: ="S"&_xlfn.MAXIFS('2. Backlog'!$H$2:$H$64,'2. Backlog'!$B$2:$B$64,A11) -> S4
A12: E08 | B12: Frontend Cart & Checkout | C12: FE | D12: =COUNTIF('2. Backlog'!$B$2:$B$64,A12) -> 3 | E12: =SUMIF('2. Backlog'!$B$2:$B$64,A12,'2. Backlog'!$F$2:$F$64) -> 7 | F12: =E12/E$17 -> 0.046357616 | G12: ="S"&_xlfn.MINIFS('2. Backlog'!$H$2:$H$64,'2. Backlog'!$B$2:$B$64,A12) -> S5 | H12: ="S"&_xlfn.MAXIFS('2. Backlog'!$H$2:$H$64,'2. Backlog'!$B$2:$B$64,A12) -> S5
A13: E09 | B13: Auction Lite (Backend) | C13: BE | D13: =COUNTIF('2. Backlog'!$B$2:$B$64,A13) -> 5 | E13: =SUMIF('2. Backlog'!$B$2:$B$64,A13,'2. Backlog'!$F$2:$F$64) -> 10 | F13: =E13/E$17 -> 0.066225166 | G13: ="S"&_xlfn.MINIFS('2. Backlog'!$H$2:$H$64,'2. Backlog'!$B$2:$B$64,A13) -> S4 | H13: ="S"&_xlfn.MAXIFS('2. Backlog'!$H$2:$H$64,'2. Backlog'!$B$2:$B$64,A13) -> S5
A14: E10 | B14: Frontend Auction | C14: FE | D14: =COUNTIF('2. Backlog'!$B$2:$B$64,A14) -> 3 | E14: =SUMIF('2. Backlog'!$B$2:$B$64,A14,'2. Backlog'!$F$2:$F$64) -> 7 | F14: =E14/E$17 -> 0.046357616 | G14: ="S"&_xlfn.MINIFS('2. Backlog'!$H$2:$H$64,'2. Backlog'!$B$2:$B$64,A14) -> S5 | H14: ="S"&_xlfn.MAXIFS('2. Backlog'!$H$2:$H$64,'2. Backlog'!$B$2:$B$64,A14) -> S5
A15: E11 | B15: Kiểm thử & Triển khai | C15: ALL | D15: =COUNTIF('2. Backlog'!$B$2:$B$64,A15) -> 0 | E15: =SUMIF('2. Backlog'!$B$2:$B$64,A15,'2. Backlog'!$F$2:$F$64) -> 0 | F15: =E15/E$17 -> 0 | G15: ="S"&_xlfn.MINIFS('2. Backlog'!$H$2:$H$64,'2. Backlog'!$B$2:$B$64,A15) -> S0 | H15: ="S"&_xlfn.MAXIFS('2. Backlog'!$H$2:$H$64,'2. Backlog'!$B$2:$B$64,A15) -> S0
A16: E12 | B16: Tài liệu & Demo | C16: ALL | D16: =COUNTIF('2. Backlog'!$B$2:$B$64,A16) -> 0 | E16: =SUMIF('2. Backlog'!$B$2:$B$64,A16,'2. Backlog'!$F$2:$F$64) -> 0 | F16: =E16/E$17 -> 0 | G16: ="S"&_xlfn.MINIFS('2. Backlog'!$H$2:$H$64,'2. Backlog'!$B$2:$B$64,A16) -> S0 | H16: ="S"&_xlfn.MAXIFS('2. Backlog'!$H$2:$H$64,'2. Backlog'!$B$2:$B$64,A16) -> S0
B17: TỔNG | D17: =SUM(D4:D16) -> 61 | E17: =SUM(E4:E16) -> 151 | F17: =E17/E17 -> 1

Sheet 4. Sprint Plan
A1: SPRINT PLAN — TẢI CÔNG VIỆC (LOAD) SO VỚI NĂNG LỰC (CAPACITY) THEO TRACK
A2: Năng lực/sprint (giả định thực tập sinh, 2 tuần = 10 ngày làm việc x 50% hiệu suất thực tế do vừa học vừa làm): BE (3 người) = 15 dev-day · FE (2 người) = 10 dev-day. 1 dev-day = 1 ngày công hiệu quả sau khi trừ thời gian học kiến thức mới, họp, mentor 1-1.
A4: Sprint | B4: Từ ngày | C4: Đến ngày | D4: Số tuần | E4: Chủ đề Sprint | F4: BE load | G4: BE cap | H4: FE load | I4: FE cap | J4: Tổng load | K4: Tổng cap | L4: % sử dụng
A5: S1 | B5: 46305 | C5: 20/10/2026 | D5: 2 | E5: Khởi tạo nền tảng hệ thống, cơ sở dữ liệu và xác thực người dùng | F5: =SUMIFS('2. Backlog'!$F$2:$F$64,'2. Backlog'!$G$2:$G$64,"BE",'2. Backlog'!$H$2:$H$64,1) -> 16 | G5: 15 | H5: =SUMIFS('2. Backlog'!$F$2:$F$64,'2. Backlog'!$G$2:$G$64,"FE",'2. Backlog'!$H$2:$H$64,1) -> 17 | I5: 10 | J5: =F5+H5 -> 33 | K5: =G5+I5 -> 25 | L5: =J5/K5 -> 1.32
A6: S2 | B6: 12/10/2026 | C6: 23/10/2026 | D6: 2 | E6: Hoàn thiện Auth & Design System + Catalog Service (danh mục, sản phẩm) | F6: =SUMIFS('2. Backlog'!$F$2:$F$64,'2. Backlog'!$G$2:$G$64,"BE",'2. Backlog'!$H$2:$H$64,2) -> 14 | G6: 15 | H6: =SUMIFS('2. Backlog'!$F$2:$F$64,'2. Backlog'!$G$2:$G$64,"FE",'2. Backlog'!$H$2:$H$64,2) -> 5 | I6: 10 | J6: =F6+H6 -> 19 | K6: =G6+I6 -> 25 | L6: =J6/K6 -> 0.76
A7: S3 | B7: 26/10/2026 | C7: 06/11/2026 | D7: 2 | E7: Giao diện Catalog + Giỏ hàng & Đặt hàng (Backend) | F7: =SUMIFS('2. Backlog'!$F$2:$F$64,'2. Backlog'!$G$2:$G$64,"BE",'2. Backlog'!$H$2:$H$64,3) -> 14 | G7: 15 | H7: =SUMIFS('2. Backlog'!$F$2:$F$64,'2. Backlog'!$G$2:$G$64,"FE",'2. Backlog'!$H$2:$H$64,3) -> 10 | I7: 10 | J7: =F7+H7 -> 24 | K7: =G7+I7 -> 25 | L7: =J7/K7 -> 0.96
A8: S4 | B8: 09/11/2026 | C8: 20/11/2026 | D8: 2 | E8: Giỏ hàng/Thanh toán (Frontend) + Auction Lite (Backend) | F8: =SUMIFS('2. Backlog'!$F$2:$F$64,'2. Backlog'!$G$2:$G$64,"BE",'2. Backlog'!$H$2:$H$64,4) -> 15 | G8: 15 | H8: =SUMIFS('2. Backlog'!$F$2:$F$64,'2. Backlog'!$G$2:$G$64,"FE",'2. Backlog'!$H$2:$H$64,4) -> 10 | I8: 10 | J8: =F8+H8 -> 25 | K8: =G8+I8 -> 25 | L8: =J8/K8 -> 1
A9: S5 | B9: 23/11/2026 | C9: 04/12/2026 | D9: 2 | E9: Auction Lite (Frontend) + Kiểm thử, triển khai, tài liệu & Demo | F9: =SUMIFS('2. Backlog'!$F$2:$F$64,'2. Backlog'!$G$2:$G$64,"BE",'2. Backlog'!$H$2:$H$64,5) -> 13 | G9: 15 | H9: =SUMIFS('2. Backlog'!$F$2:$F$64,'2. Backlog'!$G$2:$G$64,"FE",'2. Backlog'!$H$2:$H$64,5) -> 9 | I9: 10 | J9: =F9+H9 -> 22 | K9: =G9+I9 -> 25 | L9: =J9/K9 -> 0.88
E10: TỔNG | F10: =SUM(F5:F9) -> 72 | G10: =SUM(G5:G9) -> 75 | H10: =SUM(H5:H9) -> 51 | I10: =SUM(I5:I9) -> 50 | J10: =SUM(J5:J9) -> 123 | K10: =SUM(K5:K9) -> 125 | L10: =J10/K10 -> 0.984

Sheet 5. Milestones
A1: MILESTONES & TIÊU CHÍ NGHIỆM THU
A3: Mốc | B3: Milestone | C3: Ngày | D3: Điều kiện đạt (exit criteria)
A4: M0 | B4: Nền tảng sẵn sàng | C4: 46275 | D4: Môi trường cài đặt xong cho cả 5 người; Spring Boot + React chạy được; đăng ký/đăng nhập trả JWT hoạt động
A5: M1 | B5: Authentication & Catalog hoàn chỉnh | C5: 23/10/2026 | D5: Phân quyền theo Role hoạt động; CRUD Danh mục & Sản phẩm đầy đủ; UI Auth hoàn thiện
A6: M2 | B6: Giao diện Catalog + Giỏ hàng chạy được | C6: 06/11/2026 | D6: Trang chủ, danh sách, chi tiết sản phẩm hiển thị dữ liệu thật; API Giỏ hàng & Đặt hàng hoạt động
A7: M3 | B7: Luồng mua hàng End-to-End + Auction Backend | C7: 20/11/2026 | D7: Giỏ hàng → Thanh toán → Đơn hàng chạy trọn luồng trên Frontend; API tạo phiên & đặt giá đấu giá hoạt động đúng
A8: M4 | B8: Demo Day | C8: 04/12/2026 | D8: Đấu giá chạy hoàn chỉnh trên UI; không còn lỗi Major/Critical; docker-compose chạy được; báo cáo & slide demo sẵn sàng

Sheet 6. Deferred
A1: PHẠM VI TẠM HOÃN — VÀ LÝ DO
A2: Các mục dưới đây có trong Roadmap OJT gốc / mong muốn mở rộng nhưng KHÔNG nằm trong phạm vi 10 tuần. Leader (Phúc) xác nhận danh sách này.
A4: Mã | B4: Hạng mục | C4: Lý do tạm hoãn | D4: Giai đoạn
A5: D01 | B5: Thanh toán online thật (VNPay/Momo/Stripe) | C5: MVP dùng thanh toán khi nhận hàng (COD); tích hợp cổng thanh toán thật cần thời gian xin tài khoản sandbox, ngoài phạm vi 10 tuần | D5: Giai đoạn 2
A6: D02 | B6: WebSocket realtime cho đấu giá | C6: R1 dùng polling 3 giây, đơn giản và đủ dùng để demo; WebSocket cần thêm thời gian tìm hiểu | D6: Giai đoạn 2
A7: D03 | B7: Wishlist / Sản phẩm yêu thích | C7: Không nằm trong luồng giao dịch cốt lõi | D7: Giai đoạn 2
A8: D04 | B8: Đánh giá & bình luận sản phẩm (Review) | C8: Không nằm trong luồng giao dịch cốt lõi | D8: Giai đoạn 2
A9: D05 | B9: Trang quản trị Admin đầy đủ (Dashboard thống kê) | C9: R1 chỉ thao tác qua Postman/DBeaver cho các nghiệp vụ quản trị; dựng UI Admin đầy đủ tốn thêm ít nhất 1 sprint FE | D9: Giai đoạn 2
A10: D06 | B10: Responsive nâng cao / Mobile app | C10: R1 chỉ đảm bảo chạy tốt trên desktop; tối ưu mobile đầy đủ để sau | D10: Giai đoạn 2
A11: D07 | B11: Vận chuyển thật qua đơn vị vận chuyển (GHN/GHTK) | C11: R1 chỉ có trạng thái đơn hàng nội bộ, không tích hợp API vận chuyển thật | D11: Giai đoạn 2
A12: D08 | B12: Thông báo Email khi có đơn hàng / thắng đấu giá | C12: Cần cấu hình SMTP thật; R1 chỉ hiển thị thông báo trên giao diện (toast/alert) | D12: Giai đoạn 2

Sheet 7. Risks
A1: SỔ TAY RỦI RO (RISK REGISTER)
A2: Điểm = Xác suất x Mức độ ảnh hưởng (thang 1-5), sắp giảm dần. Rủi ro >= 15 điểm cần review mỗi sprint.
A4: Mã | B4: Rủi ro | C4: Loại | D4: Xác suất | E4: Ảnh hưởng | F4: Điểm | G4: Biện pháp giảm thiểu | H4: Người phụ trách
A5: R01 | B5: Cả team lần đầu vừa học vừa làm Spring Boot/React nên có thể chậm tiến độ do đường cong học tập | C5: Kỹ thuật | D5: Cao | E5: Cao | F5: 20 | G5: Dành trọn Sprint 1 để ôn tập + pairing với Leader; ưu tiên hoàn thành tính năng Must trước Should | H5: Phúc
A6: R02 | B6: Chỉ có 2 bạn Frontend cho toàn bộ 4 module giao diện (Auth, Catalog, Cart, Auction) | C6: Lịch trình | D6: Cao | E6: Cao | F6: 20 | G6: Dùng UI đơn giản, tận dụng component có sẵn (Tailwind), không tự thiết kế phức tạp; BE hỗ trợ FE khi rảnh tay | H6: Quân, Văn
A7: R03 | B7: Xử lý đồng thời khi nhiều người cùng đặt giá trong 1 phiên đấu giá (bidding concurrency) | C7: Kỹ thuật | D7: Trung bình | E7: Cao | F7: 15 | G7: Dùng transaction + kiểm tra lại giá hiện tại trước khi ghi (optimistic check) ở tầng Service; kiểm thử kỹ ở Sprint 4-5 | H7: Đạt
A8: R04 | B8: Thành viên có lịch học/thi ở trường trùng thời gian OJT, giảm thời gian code thực tế | C8: Lịch trình | D8: Trung bình | E8: Trung bình | F8: 9 | G8: Daily check-in 15 phút để phát hiện sớm chậm tiến độ; linh hoạt làm buổi tối/cuối tuần khi cần | H8: Phúc
A9: R05 | B9: Chưa quen quy trình Git/PR có thể gây conflict code hoặc mất code | C9: Kỹ thuật | D9: Trung bình | E9: Trung bình | F9: 9 | G9: Thiết lập branch/PR convention từ Sprint 1 (F00.5); bắt buộc review chéo trước khi merge vào nhánh dev | H9: Phúc
A10: R06 | B10: Dồn hết việc kiểm thử, sửa lỗi và viết báo cáo vào Sprint cuối gây quá tải | C10: Lịch trình | D10: Cao | E10: Trung bình | F10: 12 | G10: Viết Postman test và ghi chú lỗi ngay từ Sprint 2-3; bắt đầu viết báo cáo song song từ Sprint 4, không dồn hết vào Sprint 5 | H10: Cả nhóm

Sheet 8. Team & Process
A1: ĐỘI NGŨ, NĂNG LỰC & QUY TRÌNH LÀM VIỆC
A3: A. CƠ CẤU ĐỘI NGŨ (5 người)
A4: Họ tên | B4: Vai trò | C4: Track | D4: Trách nhiệm chính
A5: Nguyễn Minh Phúc | B5: Trưởng nhóm / Backend Developer | C5: BE | D5: Kiến trúc hệ thống chung, Authentication, Giỏ hàng & Đặt hàng; điều phối tiến độ cả team, chốt phạm vi từng Sprint
A6: Nguyễn Duy Thành | B6: Backend Developer | C6: BE | D6: Hỗ trợ Authentication, Catalog (tìm kiếm/upload ảnh), viết Postman test toàn hệ thống
A7: Trần Quốc Đạt | B7: Backend Developer | C7: BE | D7: Catalog (Category/Product), phân quyền Role, Auction Lite (phiên đấu giá & đặt giá)
A8: Ngô Mạnh Quân | B8: Frontend Developer | C8: FE | D8: Design System, giao diện Auth, giao diện Catalog & Auction
A9: Phạm Gia Văn | B9: Frontend Developer | C9: FE | D9: Giao diện Giỏ hàng/Thanh toán/Đơn hàng, kiểm thử giao diện, hỗ trợ bộ lọc Catalog
A12: B. ĐỊNH NGHĨA SẴN SÀNG (Definition of Ready) — chưa đạt thì KHÔNG đưa vào Sprint
A13: • Có mô tả rõ: ai dùng, làm gì, để được gì
A14: • Có tiêu chí chấp nhận rõ ràng, kiểm tra được (Given-When-Then ở mức đơn giản)
A15: • Đã xác định phụ thuộc (Dependencies) với feature khác, và feature đó đã Done hoặc có thể làm song song
A16: • Ước lượng không quá 4 dev-day (mục lớn hơn phải tách nhỏ)
A17: • Có wireframe/tham khảo giao diện nếu có thay đổi UI
A19: C. ĐỊNH NGHĨA HOÀN THÀNH (Definition of Done) — chưa đạt thì KHÔNG tính là xong
A20: • Code merge vào nhánh dev; được ít nhất 1 người review (bắt buộc với luồng quan trọng: thanh toán, đặt hàng, đấu giá)
A21: • API test được bằng Postman và trả đúng kết quả cho các trường hợp chính + 1 trường hợp lỗi
A22: • Không còn lỗi Console/Network hiển thị đỏ ở màn hình liên quan
A23: • Chạy thử được trên máy của người khác trong team (không chỉ máy của người viết code)
A24: • Không có lỗi Critical/Major còn mở liên quan đến tính năng đó
A26: D. NHỊP ĐỘ LÀM VIỆC (CADENCE)
A27: Hoạt động | B27: Tần suất | C27: Thời lượng | D27: Người tham gia | E27: Kết quả đầu ra
A28: Daily check-in | B28: Hằng ngày, 20:00 | C28: 15 phút | D28: Cả nhóm | E28: Mỗi người báo hôm qua làm gì / hôm nay làm gì / đang vướng gì
A29: Sprint Planning | B29: Đầu mỗi Sprint (2 tuần) | C29: 60 phút | D29: Cả nhóm | E29: Chốt danh sách feature & người phụ trách cho Sprint
A30: Code review chéo | B30: Mỗi khi có Pull Request | C30: 15-30 phút | D30: 2 người liên quan | E30: PR được duyệt hoặc yêu cầu sửa trước khi merge
A31: Sprint Review / Demo nội bộ | B31: Cuối mỗi Sprint | C31: 30 phút | D31: Cả nhóm | E31: Demo tính năng đã xong trên môi trường chạy thật
A32: Retro ngắn | B32: Cuối mỗi Sprint | C32: 20 phút | D32: Cả nhóm | E32: Tối đa 2 việc cần cải thiện, có người phụ trách rõ ràng
